precision,recall,f1,roc_auc,pr_auc,model
0.21804511278195488,0.29591836734693877,0.2510822510822511,0.9624390238650328,0.15269705440144674,IsolationForest
